"","word","freq"
"like","like",6976
"one","one",6058
"will","will",4483
"said","said",4378
"know","know",4302
"now","now",3932
"dont","dont",3631
"love","love",3442
"just","just",3363
"time","time",3234
"can","can",3209
"see","see",3060
"man","man",3031
"get","get",2861
"say","say",2671
"day","day",2526
"back","back",2519
"feat","feat",2494
"got","got",2429
"take","take",2375
"never","never",2349
"come","come",2338
"make","make",2242
"might","might",2231
"good","good",2137
"yeah","yeah",2123
"also","also",2099
"king","king",2026
"two","two",2019
"night","night",2016
"made","made",2012
"life","life",1952
"way","way",1936
"thou","thou",1885
"world","world",1872
"people","people",1851
"upon","upon",1808
"want","want",1788
"even","even",1778
"first","first",1765
"little","little",1739
"well","well",1722
"may","may",1710
"youre","youre",1699
"let","let",1663
"cant","cant",1627
"right","right",1616
"thee","thee",1583
"says","says",1572
"“","“",1559
"still","still",1528
"came","came",1525
"baby","baby",1522
"give","give",1519
"cause","cause",1518
"ill","ill",1511
"tell","tell",1508
"head","head",1496
"men","men",1490
"eyes","eyes",1469
"without","without",1386
"bloom","bloom",1381
"every","every",1376
"old","old",1350
"long","long",1349
"away","away",1343
"thats","thats",1318
"till","till",1302
"think","think",1298
"look","look",1254
"much","much",1250
"heart","heart",1229
"hand","hand",1216
"thy","thy",1207
"place","place",1196
"another","another",1189
"great","great",1183
"face","face",1182
"call","call",1170
"home","home",1163
"feel","feel",1160
"must","must",1158
"new","new",1146
"left","left",1137
"court","court",1134
"ever","ever",1129
"mind","mind",1112
"god","god",1111
"went","went",1108
"last","last",1086
"black","black",1081
"need","need",1081
"house","house",1081
"wanna","wanna",1080
"’s","’s",1075
"going","going",1068
"put","put",1068
"money","money",1068
"shall","shall",1068
"things","things",1065
"three","three",1055
"young","young",1043
"nothing","nothing",1039
"around","around",1034
"heard","heard",1028
"many","many",1026
"girl","girl",1022
"name","name",1016
"jordan","jordan",1000
"father","father",996
"aint","aint",993
"keep","keep",989
"set","set",982
"days","days",975
"sharrkan","sharrkan",960
"women","women",939
"told","told",935
"better","better",932
"found","found",927
"leave","leave",926
"allah","allah",924
"woman","woman",914
"city","city",909
"thing","thing",907
"though","though",900
"saw","saw",892
"end","end",889
"always","always",885
"lil","lil",884
"shit","shit",873
"find","find",871
"hands","hands",871
"took","took",870
"mother","mother",865
"boy","boy",864
"light","light",861
"bad","bad",855
"high","high",853
"big","big",841
"gonna","gonna",837
"years","years",832
"hear","hear",817
"part","part",817
"son","son",805
"body","body",801
"asked","asked",796
"thought","thought",793
"side","side",791
"far","far",789
"death","death",784
"wont","wont",778
"fire","fire",775
"white","white",774
"called","called",768
"saying","saying",768
"something","something",766
"hes","hes",765
"theres","theres",759
"really","really",758
"whole","whole",744
"best","best",732
"yet","yet",730
"since","since",729
"words","words",726
"zau","zau",720
"fuck","fuck",708
"street","street",705
"case","case",700
"dead","dead",693
"used","used",691
"ive","ive",686
"knew","knew",685
"brother","brother",681
"done","done",680
"gave","gave",675
"run","run",667
"stephen","stephen",666
"next","next",661
"stop","stop",658
"hath","hath",657
"room","room",648
"bitch","bitch",641
"enough","enough",638
"water","water",637
"iran","iran",633
"real","real",632
"almakan","almakan",630
"work","work",629
"friends","friends",629
"alone","alone",628
"bed","bed",623
"soul","soul",622
"gone","gone",622
"hold","hold",622
"live","live",620
"answered","answered",620
"mam","mam",620
"hard","hard",619
"everything","everything",616
"door","door",613
"rest","rest",612
"talk","talk",609
"full","full",608
"die","die",608
"country","country",606
"round","round",604
"friend","friend",601
"coming","coming",600
"army","army",599
"lost","lost",598
"fall","fall",597
"morning","morning",597
"stay","stay",596
"soon","soon",595
"”","”",592
"whose","whose",592
"behind","behind",589
"person","person",581
"use","use",576
"replied","replied",569
"ooh","ooh",567
"moment","moment",566
"seen","seen",564
"company","company",564
"red","red",562
"matter","matter",561
"boys","boys",560
"whether","whether",560
"state","state",559
"word","word",559
"among","among",558
"hell","hell",557
"together","together",555
"lord","lord",554
"turned","turned",551
"music","music",548
"bring","bring",546
"mrs","mrs",544
"air","air",543
"war","war",543
"times","times",538
"turn","turn",536
"brought","brought",536
"show","show",532
"year","year",531
"forth","forth",531
"looking","looking",530
"dark","dark",530
"lady","lady",529
"sent","sent",529
"thus","thus",528
"free","free",526
"truth","truth",520
"others","others",520
"second","second",518
"power","power",517
"blood","blood",516
"land","land",516
"art","art",514
"ask","ask",513
"play","play",513
"help","help",509
"shes","shes",509
"goes","goes",507
"mean","mean",504
"true","true",502
"officers","officers",501
"open","open",496
"making","making",495
"wall","wall",495
"act","act",493
"anything","anything",493
"wait","wait",491
"comes","comes",491
"reason","reason",490
"hey","hey",488
"fine","fine",486
"dad","dad",486
"indeed","indeed",485
"voice","voice",483
"felt","felt",481
"certain","certain",481
"mme","mme",481
"child","child",480
"watch","watch",480
"makes","makes",478
"reached","reached",478
"four","four",475
"different","different",474
"believe","believe",473
"order","order",473
"sun","sun",473
"blue","blue",472
"thousand","thousand",471
"fear","fear",470
"feet","feet",470
"ten","ten",469
"point","point",467
"mine","mine",464
"read","read",464
"save","save",463
"police","police",463
"fell","fell",463
"ground","ground",460
"quoth","quoth",460
"school","school",459
"near","near",459
"hundred","hundred",458
"yes","yes",456
"wish","wish",456
"taken","taken",455
"force","force",454
"girls","girls",453
"none","none",453
"tells","tells",453
"miss","miss",450
"care","care",449
"else","else",446
"less","less",444
"sure","sure",444
"children","children",443
"didnt","didnt",443
"ready","ready",441
"five","five",440
"march","march",439
"ceased","ceased",439
"sleep","sleep",438
"don’t","don’t",434
"hair","hair",434
"past","past",432
"wrong","wrong",431
"began","began",431
"given","given",429
"gotta","gotta",427
"seemed","seemed",427
"public","public",427
"law","law",425
"try","try",424
"already","already",423
"course","course",423
"means","means",421
"fight","fight",419
"return","return",418
"song","song",418
"walk","walk",417
"fact","fact",416
"dance","dance",415
"change","change",415
"cry","cry",413
"line","line",413
"able","able",413
"within","within",413
"towards","towards",412
"arms","arms",411
"’m","’m",411
"lets","lets",410
"cyrus","cyrus",410
"pay","pay",409
"quite","quite",409
"speak","speak",407
"along","along",407
"outside","outside",407
"please","please",406
"rich","rich",406
"rather","rather",406
"omar","omar",405
"meet","meet",403
"several","several",403
"present","present",401
"poor","poor",400
"number","number",399
"officer","officer",397
"remix","remix",396
"feeling","feeling",395
"human","human",395
"least","least",393
"youll","youll",392
"road","road",392
"getting","getting",392
"kind","kind",392
"river","river",392
"nigga","nigga",391
"half","half",388
"gold","gold",388
"stand","stand",387
"close","close",387
"family","family",385
"chance","chance",385
"lay","lay",385
"dream","dream",384
"✦","✦",384
"lie","lie",383
"cut","cut",382
"earth","earth",382
"sweet","sweet",382
"however","however",382
"rose","rose",381
"sound","sound",380
"often","often",380
"party","party",379
"break","break",378
"horse","horse",378
"niggas","niggas",378
"wazir","wazir",378
"wife","wife",377
"sea","sea",376
"hope","hope",375
"dawn","dawn",374
"living","living",372
"taking","taking",371
"story","story",370
"remember","remember",370
"holy","holy",369
"general","general",369
"daughter","daughter",368
"malachy","malachy",368
"top","top",367
"desire","desire",367
"kill","kill",366
"sometimes","sometimes",366
"form","form",366
"become","become",366
"bin","bin",366
"whats","whats",365
"almost","almost",364
"passed","passed",364
"talking","talking",363
"answer","answer",363
"cold","cold",363
"eye","eye",362
"theyre","theyre",361
"sight","sight",360
"wanted","wanted",360
"kiss","kiss",358
"future","future",354
"green","green",353
"met","met",353
"summer","summer",352
"tonight","tonight",352
"fpd","fpd",351
"move","move",350
"heaven","heaven",350
"empress","empress",350
"kid","kid",349
"mouth","mouth",349
"tears","tears",348
"car","car",344
"’re","’re",344
"sorry","sorry",343
"known","known",343
"drink","drink",340
"age","age",339
"hit","hit",339
"brown","brown",338
"forever","forever",338
"west","west",338
"sister","sister",338
"sky","sky",336
"later","later",335
"stood","stood",335
"forward","forward",334
"looked","looked",334
"including","including",334
"private","private",333
"inside","inside",332
"seeing","seeing",332
"guermantes","guermantes",332
"held","held",328
"start","start",327
"john","john",325
"single","single",325
"whatever","whatever",325
"across","across",324
"lot","lot",324
"cried","cried",323
"perhaps","perhaps",323
"small","small",322
"send","send",322
"longer","longer",322
"everybody","everybody",321
"knows","knows",319
"kings","kings",319
"front","front",317
"lines","lines",317
"pass","pass",316
"either","either",315
"late","late",314
"zoe","zoe",314
"sir","sir",313
"states","states",311
"understand","understand",310
"game","game",310
"takes","takes",309
"kept","kept",309
"sit","sit",309
"ferguson","ferguson",309
"madeleine","madeleine",307
"today","today",305
"hot","hot",305
"beat","beat",305
"hate","hate",304
"table","table",304
"vampire","vampire",303
"hour","hour",302
"trying","trying",302
"nature","nature",301
"peace","peace",300
"happy","happy",299
"january","january",299
"someone","someone",299
"beauty","beauty",298
"sense","sense",298
"dandan","dandan",297
"book","book",296
"touch","touch",296
"bit","bit",296
"thinking","thinking",296
"deep","deep",295
"following","following",295
"joy","joy",294
"whilst","whilst",294
"town","town",293
"tis","tis",293
"floor","floor",292
"moslems","moslems",291
"shipping","shipping",291
"smile","smile",290
"according","according",290
"aunt","aunt",290
"’ll","’ll",287
"question","question",287
"english","english",285
"beautiful","beautiful",284
"kids","kids",284
"fucking","fucking",284
"six","six",283
"bread","bread",282
"dear","dear",281
"faith","faith",281
"enemy","enemy",280
"letter","letter",280
"xenophon","xenophon",278
"moon","moon",276
"‘","‘",276
"doesnt","doesnt",275
"fair","fair",275
"april","april",274
"middle","middle",274
"various","various",274
"album","album",273
"tea","tea",273
"battle","battle",272
"dreams","dreams",271
"pain","pain",271
"clear","clear",271
"’d","’d",271
"broken","broken",270
"stone","stone",269
"master","master",269
"michael","michael",269
"born","born",268
"chief","chief",267
"window","window",266
"pray","pray",265
"standing","standing",265
"instead","instead",265
"waiting","waiting",264
"looks","looks",264
"recorded","recorded",264
"church","church",263
"eat","eat",263
"natural","natural",263
"class","class",261
"arab","arab",261
"common","common",260
"hellenes","hellenes",260
"food","food",259
"lights","lights",258
"sing","sing",258
"beyond","beyond",258
"ways","ways",258
"pull","pull",257
"swift","swift",257
"twenty","twenty",257
"strong","strong",256
"easy","easy",256
"manner","manner",256
"crazy","crazy",255
"follow","follow",255
"job","job",255
"sat","sat",255
"perceived","perceived",255
"appear","appear",255
"taylor","taylor",253
"troops","troops",253
"uhhuh","uhhuh",253
"pretty","pretty",252
"fly","fly",252
"wild","wild",252
"host","host",252
"running","running",251
"pleasure","pleasure",251
"damn","damn",250
"rain","rain",250
"action","action",249
"possible","possible",249
"cross","cross",248
"places","places",248
"hat","hat",247
"nice","nice",246
"nobody","nobody",246
"okay","okay",246
"straight","straight",246
"wonder","wonder",246
"caught","caught",245
"business","business",245
"listen","listen",244
"brothers","brothers",243
"heavy","heavy",243
"hours","hours",243
"justice","justice",243
"tried","tried",242
"idea","idea",242
"returned","returned",242
"songs","songs",241
"laugh","laugh",241
"fran<e3><a7>oise","fran<e3><a7>oise",241
"youve","youve",240
"forget","forget",240
"shot","shot",240
"report","report",240
"honour","honour",239
"sick","sick",238
"wind","wind",238
"bout","bout",238
"pages","pages",238
"parts","parts",238
"feels","feels",237
"anyone","anyone",237
"carried","carried",237
"holding","holding",237
"short","short",237
"presence","presence",237
"account","account",237
"chamberlain","chamberlain",237
"rock","rock",236
"ass","ass",236
"large","large",236
"united","united",236
"municipal","municipal",236
"happened","happened",235
"rap","rap",235
"saint","saint",235
"office","office",235
"aap","aap",234
"broke","broke",234
"low","low",234
"prince","prince",233
"space","space",233
"trust","trust",233
"hast","hast",233
"higher","higher",232
"cases","cases",232
"months","months",232
"write","write",232
"news","news",231
"sort","sort",231
"wouldnt","wouldnt",231
"race","race",231
"wants","wants",229
"history","history",229
"somebody","somebody",229
"drip","drip",228
"ayy","ayy",228
"queen","queen",227
"lives","lives",227
"sad","sad",227
"permitted","permitted",227
"ohoh","ohoh",227
"essel","essel",227
"lane","lane",226
"loved","loved",226
"especially","especially",226
"heads","heads",226
"lips","lips",226
"catch","catch",225
"drake","drake",225
"post","post",225
"bear","bear",225
"although","although",225
"foot","foot",224
"soldiers","soldiers",224
"apart","apart",223
"lose","lose",223
"safe","safe",223
"streets","streets",223
"gets","gets",223
"donnie","donnie",223
"iii","iii",222
"week","week",222
"lynch","lynch",222
"doubt","doubt",221
"perfect","perfect",221
"opinion","opinion",221
"everyone","everyone",220
"third","third",220
"irish","irish",220
"bade","bade",220
"plan","plan",219
"clothes","clothes",219
"moslem","moslem",219
"duchess","duchess",219
"￼￼","￼￼",219
"maybe","maybe",218
"attack","attack",218
"fast","fast",218
"roll","roll",218
"tongue","tongue",218
"wrote","wrote",218
"spotify","spotify",218
"step","step",217
"studios","studios",217
"american","american",216
"infidels","infidels",216
"result","result",216
"paper","paper",215
"tomorrow","tomorrow",215
"alive","alive",214
"august","august",214
"drew","drew",214
"east","east",214
"sign","sign",214
"society","society",214
"wit","wit",214
"slow","slow",213
"ride","ride",213
"calls","calls",213
"supposed","supposed",213
"neither","neither",213
"limerick","limerick",213
"effect","effect",212
"carry","carry",212
"lead","lead",212
"uncle","uncle",212
"appeared","appeared",212
"received","received",212
"seven","seven",212
"gods","gods",211
"james","james",211
"wolf","wolf",211
"reach","reach",211
"famous","famous",210
"trees","trees",210
"piece","piece",210
"speech","speech",209
"dress","dress",209
"simply","simply",209
"tryna","tryna",209
"charge","charge",208
"memory","memory",208
"problem","problem",208
"star","star",208
"community","community",208
"gives","gives",208
"laid","laid",208
"plain","plain",208
"service","service",208
"sin","sin",208
"hearing","hearing",207
"led","led",207
"naomi","naomi",207
"seem","seem",206
"machine","machine",206
"wine","wine",206
"thank","thank",206
"arrest","arrest",206
"chris","chris",205
"playing","playing",205
"purpose","purpose",205
"sitting","sitting",205
"telling","telling",205
"added","added",205
"continued","continued",204
"phone","phone",204
"nuzhat","nuzhat",204
"turns","turns",204
"america","america",203
"bank","bank",203
"huh","huh",203
"ireland","ireland",203
"mad","mad",203
"trouble","trouble",203
"view","view",203
"figure","figure",203
"vmi","vmi",203
"walking","walking",202
"win","win",202
"secret","secret",202
"minute","minute",202
"probably","probably",202
"throw","throw",202
"crying","crying",202
"folk","folk",202
"jesus","jesus",202
"dancing","dancing",201
"dog","dog",201
"jack","jack",201
"afridun","afridun",201
"limited","limited",201
"nyc","nyc",201
"evil","evil",200
"hearts","hearts",200
"smoke","smoke",200
"bodies","bodies",200
"lies","lies",199
"nights","nights",199
"paris","paris",199
"section","section",199
"track","track",199
"yellow","yellow",199
"followed","followed",199
"auspicious","auspicious",199
"ago","ago",198
"glass","glass",198
"ocean","ocean",198
"pink","pink",198
"evidence","evidence",198
"priest","priest",198
"subject","subject",198
"teeth","teeth",198
"seems","seems",197
"bright","bright",197
"lack","lack",197
"slowly","slowly",196
"fresh","fresh",196
"june","june",196
"savage","savage",196
"silence","silence",196
"working","working",196
"worth","worth",196
"moreover","moreover",196
"corner","corner",194
"except","except",194
"’ve","’ve",194
"price","price",193
"cool","cool",193
"neck","neck",193
"nose","nose",193
"spirit","spirit",193
"commerce","commerce",193
"written","written",192
"suddenly","suddenly",192
"stick","stick",192
"conduct","conduct",192
"fuckin","fuckin",191
"became","became",191
"rights","rights",191
"grandmother","grandmother",191
"practices","practices",191
"steps","steps",191
"walls","walls",191
"wake","wake",190
"dust","dust",190
"example","example",190
"necessary","necessary",190
"group","group",189
"government","government",189
"particular","particular",189
"que","que",189
"thine","thine",189
"wept","wept",189
"drop","drop",188
"gun","gun",188
"moved","moved",188
"mans","mans",188
"drunk","drunk",188
"system","system",188
"presently","presently",188
"hurt","hurt",187
"isnt","isnt",187
"surely","surely",187
"therefore","therefore",187
"version","version",186
"hiphop","hiphop",186
"national","national",186
"spoke","spoke",186
"amongst","amongst",186
"sword","sword",186
"control","control",185
"gon","gon",185
"reading","reading",185
"ima","ima",184
"youth","youth",184
"died","died",184
"couldnt","couldnt",184
"horses","horses",184
"safety","safety",184
"slave","slave",184
"club","club",183
"hall","hall",183
"ones","ones",183
"appears","appears",183
"shahrazad","shahrazad",183
"language","language",182
"strength","strength",182
"giving","giving",182
"started","started",182
"spirits","spirits",182
"woah","woah",182
"jcpoa","jcpoa",182
"palace","palace",181
"scene","scene",181
"mistress","mistress",181
"judge","judge",180
"dinner","dinner",180
"distance","distance",180
"condition","condition",180
"position","position",180
"points","points",180
"verily","verily",180
"deal","deal",179
"drive","drive",179
"princess","princess",179
"needs","needs",179
"guard","guard",179
"cap","cap",179
"thereupon","thereupon",179
"picture","picture",178
"flight","flight",178
"shame","shame",178
"warm","warm",178
"education","education",178
"stands","stands",178
"strange","strange",178
"knowledge","knowledge",178
"rule","rule",178
"fit","fit",177
"enforcement","enforcement",177
"grave","grave",176
"mountain","mountain",175
"record","record",175
"skin","skin",175
"singing","singing",175
"field","field",175
"constantinople","constantinople",175
"grace","grace",174
"shut","shut",174
"houses","houses",174
"ring","ring",173
"wide","wide",173
"support","support",173
"besides","besides",173
"afraid","afraid",172
"burn","burn",172
"loving","loving",172
"pop","pop",172
"wilt","wilt",172
"names","names",172
"command","command",172
"koran","koran",172
"croesus","croesus",172
"learned","learned",171
"ear","ear",171
"lovely","lovely",171
"killed","killed",171
"married","married",171
"doctor","doctor",171
"honey","honey",170
"double","double",170
"february","february",170
"grow","grow",170
"calling","calling",170
"arrived","arrived",170
"entered","entered",170
"virginia","virginia",170
"saintloup","saintloup",170
"escape","escape",169
"bag","bag",169
"visit","visit",169
"allowed","allowed",169
"alright","alright",168
"cash","cash",168
"meant","meant",168
"rise","rise",168
"cup","cup",168
"kissed","kissed",168
"seek","seek",168
"attention","attention",167
"box","box",167
"cat","cat",167
"scott","scott",167
"thug","thug",167
"wise","wise",167
"laughing","laughing",167
"policy","policy",167
"turning","turning",167
"angel","angel",166
"kanye","kanye",166
"mary","mary",166
"follows","follows",166
"arm","arm",165
"grande","grande",165
"hill","hill",165
"stars","stars",165
"uzi","uzi",165
"greater","greater",165
"sex","sex",165
"swear","swear",165
"alzaman","alzaman",165
"ancient","ancient",165
"described","described",165
"royal","royal",165
"supra","supra",165
"iranian","iranian",165
"camp","camp",164
"july","july",164
"african","african",164
"prayer","prayer",163
"darkness","darkness",163
"flowers","flowers",163
"jail","jail",163
"provide","provide",163
"republic","republic",163
"guy","guy",162
"christmas","christmas",162
"enter","enter",162
"respect","respect",162
"evening","evening",162
"due","due",162
"merchant","merchant",162
"int","int",162
"learn","learn",161
"walked","walked",161
"breath","breath",161
"zat","zat",161
"nuclear","nuclear",161
"goin","goin",160
"quiet","quiet",160
"glad","glad",160
"moving","moving",160
"whip","whip",160
"parents","parents",160
"shows","shows",160
"beneath","beneath",160
"generals","generals",160
"laws","laws",160
"worse","worse",160
"didn’t","didn’t",160
"actually","actually",159
"til","til",159
"prove","prove",159
"stopped","stopped",159
"blow","blow",159
"caused","caused",159
"individuals","individuals",159
"•","•",159
"annex","annex",159
"flow","flow",158
"changed","changed",158
"leaving","leaving",158
"train","train",158
"information","information",158
"americans","americans",158
"falling","falling",157
"motion","motion",157
"cheeks","cheeks",157
"early","early",156
"golden","golden",156
"loud","loud",156
"original","original",156
"knowing","knowing",156
"month","month",156
"messiah","messiah",156
"equal","equal",156
"fourth","fourth",156
"husband","husband",156
"whereupon","whereupon",156
"persons","persons",156
"les","les",156
"leonard","leonard",156
"paddy","paddy",156
"villeparisis","villeparisis",156
"leaves","leaves",155
"note","note",155
"merely","merely",155
"provisions","provisions",155
"almighty","almighty",154
"north","north",154
"holds","holds",154
"date","date",154
"paid","paid",154
"meaning","meaning",154
"pure","pure",153
"season","season",153
"greatest","greatest",153
"ships","ships",153
"marriage","marriage",153
"somewhat","somewhat",153
"finally","finally",152
"lovin","lovin",152
"south","south",152
"approach","approach",152
"concerning","concerning",152
"remained","remained",152
"babe","babe",151
"bitches","bitches",151
"don","don",151
"jackson","jackson",151
"silver","silver",151
"thoughts","thoughts",151
"guess","guess",151
"watching","watching",151
"temple","temple",151
"council","council",151
"behold","behold",151
"gate","gate",151
"frankie","frankie",150
"lonely","lonely",150
"loves","loves",150
"spent","spent",150
"verses","verses",150
"slain","slain",150
"kitchen","kitchen",150
"activities","activities",150
"happen","happen",149
"ears","ears",149
"jones","jones",149
"lover","lover",149
"york","york",149
"bound","bound",149
"check","check",149
"fighting","fighting",149
"ran","ran",149
"soft","soft",149
"pocket","pocket",149
"hardly","hardly",149
"sultan","sultan",149
"twice","twice",148
"failure","failure",148
"legs","legs",148
"related","related",148
"services","services",148
"birds","birds",147
"david","david",147
"paul","paul",147
"vert","vert",147
"mothers","mothers",147
"ended","ended",147
"boom","boom",147
"amendment","amendment",147
"length","length",147
"tree","tree",146
"faces","faces",146
"grandma","grandma",146
"station","station",146
"tom","tom",146
"tyler","tyler",146
"cries","cries",146
"slip","slip",146
"band","band",146
"baghdad","baghdad",146
"cast","cast",146
"complete","complete",146
"woo","woo",146
"buff","buff",146
"proper","proper",145
"shoot","shoot",145
"sell","sell",145
"title","title",145
"combray","combray",145
"beach","beach",144
"mark","mark",144
"push","push",144
"shine","shine",144
"million","million",144
"miles","miles",144
"asking","asking",144
"taste","taste",144
"individual","individual",144
"interest","interest",144
"issue","issue",144
"college","college",144
"dry","dry",144
"fireman","fireman",144
"passing","passing",144
"reported","reported",144
"fun","fun",143
"buy","buy",143
"crowd","crowd",143
"shoes","shoes",143
"simple","simple",143
"female","female",143
"threw","threw",143
"books","books",143
"grand","grand",143
"village","village",143
"bill","bill",142
"clean","clean",142
"code","code",142
"knight","knight",142
"travis","travis",142
"lived","lived",142
"provided","provided",142
"ladies","ladies",141
"feelin","feelin",141
"dirty","dirty",141
"fortune","fortune",141
"johnny","johnny",141
"level","level",141
"asleep","asleep",141
"defendant","defendant",141
"speaking","speaking",141
"badawi","badawi",141
"fuel","fuel",141
"social","social",141
"revised","revised",141
"silent","silent",140
"artists","artists",140
"milk","milk",140
"works","works",140
"offered","offered",140
"raised","raised",140
"remain","remain",140
"journey","journey",140
"district","district",140
"shop","shop",140
"warrant","warrant",140
"fathers","fathers",139
"french","french",139
"grey","grey",139
"modern","modern",139
"murder","murder",139
"rising","rising",139
"runs","runs",139
"self","self",139
"brain","brain",139
"heat","heat",139
"creatures","creatures",139
"likely","likely",139
"dublin","dublin",139
"pick","pick",138
"stones","stones",138
"practice","practice",138
"aldawahi","aldawahi",138
"alnuuman","alnuuman",138
"sore","sore",138
"weeping","weeping",138
"entirely","entirely",138
"park","park",137
"sides","sides",137
"brings","brings",137
"terrible","terrible",137
"male","male",137
"military","military",137
"unless","unless",137
"covered","covered",137
"draw","draw",137
"ferguson’s","ferguson’s",137
"fat","fat",136
"freestyle","freestyle",136
"sleeping","sleeping",136
"stage","stage",136
"flesh","flesh",136
"ordered","ordered",136
"receive","receive",136
"required","required",136
"bar","bar",135
"experience","experience",135
"lookin","lookin",135
"robert","robert",135
"vol","vol",135
"fingers","fingers",135
"bond","bond",135
"closed","closed",135
"harm","harm",135
"prison","prison",135
"serve","serve",135
"fashion","fashion",135
"mounted","mounted",135
"defendants","defendants",135
"tired","tired",134
"shell","shell",134
"energy","energy",134
"foreign","foreign",134
"glory","glory",134
"september","september",134
"begin","begin",134
"gentleman","gentleman",134
"sold","sold",134
"coal","coal",134
"shoulder","shoulder",134
"juice","juice",133
"tone","tone",133
"filled","filled",133
"eight","eight",133
"review","review",133
"join","join",133
"dying","dying",133
"stops","stops",133
"agreed","agreed",133
"sanctions","sanctions",133
"ball","ball",132
"important","important",132
"aid","aid",132
"finger","finger",132
"mac","mac",132
"worst","worst",132
"damascus","damascus",132
"eunuch","eunuch",132
"drawn","drawn",131
"frank","frank",131
"ghost","ghost",131
"lamar","lamar",131
"sounds","sounds",131
"decision","decision",131
"whos","whos",131
"captain","captain",131
"bought","bought",131
"fault","fault",131
"doors","doors",131
"allow","allow",131
"direction","direction",131
"conversation","conversation",130
"stuck","stuck",130
"placed","placed",130
"based","based",130
"praise","praise",130
"beginning","beginning",129
"bird","bird",129
"feelings","feelings",129
"list","list",129
"london","london",129
"october","october",129
"offer","offer",129
"questions","questions",129
"accept","accept",129
"add","add",129
"nine","nine",129
"can’t","can’t",129
"oil","oil",129
"ariana","ariana",128
"carti","carti",128
"count","count",128
"creator","creator",128
"garden","garden",128
"imagine","imagine",128
"lee","lee",128
"runnin","runnin",128
"beside","beside",128
"fish","fish",128
"opportunity","opportunity",128
"birth","birth",128
"image","image",128
"considered","considered",128
"majesty","majesty",128
"tap","tap",128
"￼","￼",128
"hung","hung",127
"cover","cover",127
"bella","bella",127
"playboi","playboi",127
"thanks","thanks",127
"similar","similar",127
"kingdom","kingdom",127
"repeated","repeated",127
"couple","couple",127
"youd","youd",126
"finding","finding",126
"monster","monster",126
"souls","souls",126
"type","type",126
"arrested","arrested",126
"certainly","certainly",126
"weeks","weeks",126
"talkin","talkin",126
"century","century",126
"existence","existence",126
"keeps","keeps",126
"passage","passage",126
"persians","persians",126
"regard","regard",126
"letters","letters",125
"main","main",125
"personal","personal",125
"empty","empty",125
"hello","hello",125
"appearance","appearance",125
"noble","noble",125
"laughs","laughs",125
"bloody","bloody",124
"deluxe","deluxe",124
"kick","kick",124
"mike","mike",124
"sons","sons",124
"spring","spring",124
"seat","seat",124
"opened","opened",124
"mentioned","mentioned",124
"mohammed","mohammed",124
"native","native",124
"whenever","whenever",124
"bottle","bottle",124
"weather","weather",124
"england","england",124
"anymore","anymore",123
"curry","curry",123
"devil","devil",123
"hole","hole",123
"hotel","hotel",123
"lift","lift",123
"video","video",123
"promise","promise",123
"actions","actions",123
"rejoiced","rejoiced",123
"wearing","wearing",123
"training","training",123
"bello","bello",123
"florry","florry",123
"pride","pride",122
"artist","artist",122
"freedom","freedom",122
"kendrick","kendrick",122
"share","share",122
"liked","liked",122
"bridge","bridge",122
"lying","lying",122
"blind","blind",122
"lower","lower",122
"object","object",122
"sought","sought",122
"struck","struck",122
"oohooh","oohooh",122
"goodbye","goodbye",121
"rush","rush",121
"shake","shake",121
"shalt","shalt",121
"falls","falls",121
"stuff","stuff",121
"charged","charged",121
"continue","continue",121
"breast","breast",121
"faithful","faithful",121
"fellow","fellow",121
"pilgrimage","pilgrimage",121
"issued","issued",121
"ice","ice",120
"period","period",120
"smith","smith",120
"promised","promised",120
"spend","spend",120
"aught","aught",120
"informed","informed",120
"paradise","paradise",120
"setting","setting",120
"wood","wood",120
"payment","payment",120
"magic","magic",119
"bless","bless",119
"gas","gas",119
"justin","justin",119
"row","row",119
"listening","listening",119
"animal","animal",119
"nation","nation",119
"notice","notice",119
"chest","chest",119
"security","security",119
"arabs","arabs",119
"chair","chair",119
"pieces","pieces",119
"signs","signs",119
"kitty","kitty",119
"seuthes","seuthes",119
"cranly","cranly",119
"waste","waste",118
"key","key",118
"popular","popular",118
"reply","reply",118
"weeknd","weeknd",118
"somethin","somethin",118
"absence","absence",118
"applied","applied",118
"choose","choose",118
"coat","coat",118
"etc","etc",118
"fill","fill",118
"latter","latter",118
"sacred","sacred",118
"shoulders","shoulders",118
"style","style",117
"colour","colour",117
"named","named",117
"traffic","traffic",117
"favour","favour",117
"doin","doin",117
"block","block",116
"serious","serious",116
"wear","wear",116
"quick","quick",116
"anyway","anyway",116
"guys","guys",116
"consider","consider",116
"terms","terms",116
"won","won",116
"damsel","damsel",116
"quickly","quickly",116
"servants","servants",116
"tale","tale",116
"sits","sits",116
"midnight","midnight",115
"blame","blame",115
"iron","iron",115
"needed","needed",115
"rage","rage",115
"waters","waters",115
"bow","bow",115
"spot","spot",115
"fail","fail",115
"writing","writing",115
"cease","cease",115
"counsel","counsel",115
"marched","marched",115
"material","material",115
"mercy","mercy",115
"mere","mere",115
"showed","showed",115
"bloch","bloch",115
"blessed","blessed",114
"denzel","denzel",114
"dogs","dogs",114
"rules","rules",114
"suit","suit",114
"impossible","impossible",114
"built","built",114
"greek","greek",114
"health","health",114
"reasons","reasons",114
"fame","fame",113
"international","international",113
"wet","wet",113
"wasnt","wasnt",113
"drinking","drinking",113
"earlier","earlier",113
"sudden","sudden",113
"tall","tall",113
"jewels","jewels",113
"accordingly","accordingly",113
"forces","forces",113
"speed","speed",113
"<e2><a0>","<e2><a0>",113
"hide","hide",112
"courts","courts",112
"del","del",112
"members","members",112
"van","van",112
"worlds","worlds",112
"voices","voices",112
"building","building",112
"poet","poet",112
"special","special",112
"staff","staff",112
"appropriate","appropriate",112
"flower","flower",112
"press","press",112
"suffering","suffering",112
"wished","wished",112
"sections","sections",112
"hanging","hanging",111
"stories","stories",111
"christ","christ",111
"gang","gang",111
"leg","leg",111
"sugar","sugar",111
"wayne","wayne",111
"island","island",111
"pulled","pulled",111
"grew","grew",111
"religion","religion",111
"desired","desired",111
"hence","hence",111
"students","students",111
"using","using",111
"mass","mass",111
"kelly","kelly",110
"billy","billy",110
"bob","bob",110
"lit","lit",110
"noise","noise",110
"stranger","stranger",110
"virtue","virtue",110
"welcome","welcome",110
"breaking","breaking",110
"likeembed","likeembed",110
"design","design",110
"hungry","hungry",110
"orders","orders",110
"bite","bite",110
"terror","terror",110
"francis","francis",110
"fallen","fallen",109
"rocky","rocky",109
"snow","snow",109
"waves","waves",109
"williams","williams",109
"fool","fool",109
"yall","yall",109
"immediately","immediately",109
"played","played",109
"crime","crime",109
"keeping","keeping",109
"cities","cities",109
"grief","grief",109
"knights","knights",109
"smiling","smiling",109
"stream","stream",109
"suppose","suppose",109
"clouds","clouds",108
"supreme","supreme",108
"weak","weak",108
"afternoon","afternoon",108
"afterwards","afterwards",108
"character","character",108
"facts","facts",108
"local","local",108
"protection","protection",108
"saturday","saturday",108
"success","success",108
"term","term",108
"fifth","fifth",108
"highly","highly",108
"loss","loss",108
"otherwise","otherwise",108
"pleased","pleased",108
"slay","slay",108
"process","process",108
"fancy","fancy",107
"george","george",107
"henry","henry",107
"yung","yung",107
"weve","weve",107
"minutes","minutes",107
"department","department",107
"lucky","lucky",107
"opposite","opposite",107
"observed","observed",107
"quality","quality",107
"iaea","iaea",107
"admit","admit",106
"billie","billie",106
"crown","crown",106
"culture","culture",106
"difficult","difficult",106
"racial","racial",106
"congress","congress",106
"agree","agree",106
"arose","arose",106
"expression","expression",106
"failed","failed",106
"laughed","laughed",106
"meat","meat",106
"december","december",106
"ltd","ltd",106
"sees","sees",106
"stephens","stephens",106
"flying","flying",105
"knees","knees",105
"chapter","chapter",105
"funny","funny",105
"joe","joe",105
"reed","reed",105
"silk","silk",105
"hang","hang",105
"believed","believed",105
"buried","buried",105
"charges","charges",105
"meeting","meeting",105
"resolved","resolved",105
"windows","windows",105
"attempt","attempt",105
"avoid","avoid",105
"direct","direct",105
"possibly","possibly",105
"seated","seated",105
"peter","peter",105
"victims","victims",105
"“’s","“’s",105
"jump","jump",104
"ship","ship",104
"criminal","criminal",104
"major","major",104
"pussy","pussy",104
"somewhere","somewhere",104
"trap","trap",104
"fate","fate",104
"hospital","hospital",104
"movement","movement",104
"physical","physical",104
"circumstances","circumstances",104
"doom","doom",104
"twins","twins",104
"fines","fines",104
"investigation","investigation",104
"production","production",104
"size","size",104
"bop","bop",104
"bringing","bringing",103
"danger","danger",103
"flame","flame",103
"forgotten","forgotten",103
"jay","jay",103
"proud","proud",103
"unknown","unknown",103
"stan","stan",103
"starts","starts",103
"shape","shape",103
"bones","bones",103
"bore","bore",103
"delivered","delivered",103
"eating","eating",103
"ere","ere",103
"established","established",103
"final","final",103
"pair","pair",103
"property","property",103
"subjects","subjects",103
"tie","tie",103
"duke","duke",103
"test","test",102
"mama","mama",102
"moses","moses",102
"message","message",102
"rate","rate",102
"violence","violence",102
"address","address",102
"aside","aside",102
"divine","divine",102
"hardub","hardub",102
"instance","instance",102
"nay","nay",102
"professor","professor",102
"victory","victory",102
"carriage","carriage",102
"gift","gift",101
"lovers","lovers",101
"prayers","prayers",101
"ray","ray",101
"rolling","rolling",101
"treat","treat",101
"board","board",101
"travel","travel",101
"smell","smell",101
"driving","driving",101
"ends","ends",101
"false","false",101
"habit","habit",101
"midst","midst",101
"presented","presented",101
"rejoined","rejoined",101
"sins","sins",101
"parties","parties",101
"produced","produced",101
"chains","chains",100
"fifty","fifty",100
"gucci","gucci",100
"mix","mix",100
"sean","sean",100
"steve","steve",100
"acting","acting",100
"missed","missed",100
"matters","matters",100
"problems","problems",100
"raise","raise",100
"theyll","theyll",100
"tupac","tupac",100
"dost","dost",100
"gates","gates",100
"mountains","mountains",100
"regards","regards",100
"value","value",100
"consistent","consistent",100
"program","program",100
"passion","passion",99
"coast","coast",99
"dangerous","dangerous",99
"excuse","excuse",99
"gettin","gettin",99
"radio","radio",99
"wash","wash",99
"mom","mom",99
"rode","rode",99
"destroy","destroy",99
"huge","huge",99
"purple","purple",99
"abrizah","abrizah",99
"boots","boots",99
"commanded","commanded",99
"obey","obey",99
"available","available",99
"fields","fields",99
"bet","bet",98
"chase","chase",98
"miller","miller",98
"records","records",98
"burning","burning",98
"despite","despite",98
"numbers","numbers",98
"proved","proved",98
"throughout","throughout",98
"belief","belief",98
"cavalry","cavalry",98
"cloud","cloud",98
"leading","leading",98
"market","market",98
"sacrifice","sacrifice",98
"development","development",98
"advance","advance",97
"chocolate","chocolate",97
"ferg","ferg",97
"growing","growing",97
"livin","livin",97
"mirror","mirror",97
"mode","mode",97
"twelve","twelve",97
"loose","loose",97
"romance","romance",97
"goods","goods",97
"delight","delight",97
"duty","duty",97
"fared","fared",97
"spread","spread",97
"study","study",97
"vision","vision",97
"puts","puts",97
"former","former",97
"ben","ben",96
"changes","changes",96
"collection","collection",96
"data","data",96
"moves","moves",96
"likes","likes",96
"exactly","exactly",96
"stupid","stupid",96
"civil","civil",96
"victim","victim",96
"cruel","cruel",96
"understood","understood",96
"assistance","assistance",96
"alislam","alislam",96
"authority","authority",96
"damsels","damsels",96
"dare","dare",96
"easily","easily",96
"pity","pity",96
"suffer","suffer",96
"effort","effort",96
"commission","commission",96
"fpd’s","fpd’s",96
"ahah","ahah",96
"joint","joint",96
"virag","virag",96
"vmis","vmis",96
"choice","choice",95
"worry","worry",95
"bare","bare",95
"diamonds","diamonds",95
"enemies","enemies",95
"honest","honest",95
"nowhere","nowhere",95
"shadow","shadow",95
"storm","storm",95
"wherever","wherever",95
"wings","wings",95
"leader","leader",95
"contrary","contrary",95
"deliver","deliver",95
"naught","naught",95
"sorrow","sorrow",95
"thrown","thrown",95
"usual","usual",95
"research","research",95
"toward","toward",95
"university","university",95
"pint","pint",95
"kidz","kidz",95
"everywhere","everywhere",94
"forgive","forgive",94
"beats","beats",94
"features","features",94
"learning","learning",94
"november","november",94
"rare","rare",94
"sam","sam",94
"team","team",94
"calm","calm",94
"thick","thick",94
"whence","whence",94
"instant","instant",94
"bedroom","bedroom",94
"claim","claim",94
"ate","ate",94
"broad","broad",94
"driven","driven",94
"smoking","smoking",94
"measures","measures",94
"hannon","hannon",94
"explain","explain",93
"belly","belly",93
"chamber","chamber",93
"fan","fan",93
"figures","figures",93
"comin","comin",93
"powerful","powerful",93
"spit","spit",93
"taught","taught",93
"trial","trial",93
"anywhere","anywhere",93
"bottles","bottles",93
"degree","degree",93
"forms","forms",93
"nations","nations",93
"noted","noted",93
"smiles","smiles",93
"blooms","blooms",93
"norpois","norpois",93
"afford","afford",92
"curse","curse",92
"eleven","eleven",92
"sake","sake",92
"woods","woods",92
"forced","forced",92
"barely","barely",92
"color","color",92
"advice","advice",92
"formed","formed",92
"invisible","invisible",92
"lean","lean",92
"naked","naked",92
"officials","officials",92
"require","require",92
"thereof","thereof",92
"villages","villages",92
"wealth","wealth",92
"expect","expect",92
"financial","financial",92
"jordan’s","jordan’s",92
"theatre","theatre",92
"presents","presents",91
"cole","cole",91
"eilish","eilish",91
"foe","foe",91
"wave","wave",91
"gaze","gaze",91
"marry","marry",91
"ron","ron",91
"entire","entire",91
"dressed","dressed",91
"truly","truly",91
"greeks","greeks",91
"regular","regular",91
"request","request",91
"wherefore","wherefore",91
"discrimination","discrimination",91
"substantial","substantial",91
"clyde","clyde",90
"ellen","ellen",90
"mane","mane",90
"max","max",90
"nothin","nothin",90
"weight","weight",90
"involved","involved",90
"shed","shed",90
"tight","tight",90
"chain","chain",90
"judgment","judgment",90
"affairs","affairs",90
"capable","capable",90
"christian","christian",90
"generally","generally",90
"haply","haply",90
"lest","lest",90
"mental","mental",90
"waited","waited",90
"mystery","mystery",89
"awake","awake",89
"friday","friday",89
"salt","salt",89
"winter","winter",89
"slaves","slaves",89
"store","store",89
"standard","standard",89
"total","total",89
"champion","champion",89
"daughters","daughters",89
"drove","drove",89
"hidden","hidden",89
"hills","hills",89
"horsemen","horsemen",89
"jerusalem","jerusalem",89
"meanwhile","meanwhile",89
"pious","pious",89
"search","search",89
"throat","throat",89
"policing","policing",89
"shillings","shillings",89
"clearchus","clearchus",89
"california","california",88
"current","current",88
"freddie","freddie",88
"luck","luck",88
"memories","memories",88
"mess","mess",88
"project","project",88
"tracks","tracks",88
"fought","fought",88
"expected","expected",88
"killing","killing",88
"super","super",88
"appointed","appointed",88
"content","content",88
"explained","explained",88
"fled","fled",88
"forehead","forehead",88
"separate","separate",88
"sophia","sophia",88
"stoker","stoker",88
"tribute","tribute",88
"whereas","whereas",88
"risk","risk",88
"infantry","infantry",88
"creature","creature",87
"edition","edition",87
"opening","opening",87
"putting","putting",87
"committed","committed",87
"poetry","poetry",87
"mission","mission",87
"daddy","daddy",87
"finished","finished",87
"smart","smart",87
"violent","violent",87
"stated","stated",87
"altogether","altogether",87
"angels","angels",87
"animals","animals",87
"bidding","bidding",87
"discovered","discovered",87
"emirs","emirs",87
"grown","grown",87
"patience","patience",87
"prepared","prepared",87
"impact","impact",87
"pounds","pounds",87
"barry","barry",87
"angela","angela",87
"impression","impression",87
"bell","bell",86
"curious","curious",86
"diamond","diamond",86
"happens","happens",86
"messenger","messenger",86
"becomes","becomes",86
"hits","hits",86
"guest","guest",86
"starting","starting",86
"closer","closer",86
"build","build",86
"exceeding","exceeding",86
"exclaimed","exclaimed",86
"fare","fare",86
"halted","halted",86
"lamp","lamp",86
"mount","mount",86
"per","per",86
"therein","therein",86
"unable","unable",86
"friendship","friendship",86
"educational","educational",86
"supp","supp",86
"warrants","warrants",86
"cheirisophus","cheirisophus",86
"uranium","uranium",86
"singlesex","singlesex",86
"imagination","imagination",85
"mask","mask",85
"metro","metro",85
"spoken","spoken",85
"mention","mention",85
"influence","influence",85
"occasion","occasion",85
"reports","reports",85
"assured","assured",85
"chaps","chaps",85
"intended","intended",85
"noticed","noticed",85
"obliged","obliged",85
"religious","religious",85
"sire","sire",85
"sorts","sorts",85
"implementation","implementation",85
"violation","violation",85
"telegram","telegram",85
"begat","begat",85
"pleasant","pleasant",84
"sale","sale",84
"dropped","dropped",84
"match","match",84
"official","official",84
"chosen","chosen",84
"surprise","surprise",84
"surprised","surprised",84
"shirt","shirt",84
"nah","nah",84
"verse","verse",84
"castle","castle",84
"chose","chose",84
"persian","persian",84
"seventh","seventh",84
"steed","steed",84
"mccourt","mccourt",84
"sisters","sisters",83
"stayed","stayed",83
"bent","bent",83
"boat","boat",83
"cigarette","cigarette",83
"plans","plans",83
"sole","sole",83
"soundtrack","soundtrack",83
"gimme","gimme",83
"suicide","suicide",83
"exist","exist",83
"kenny","kenny",83
"dumb","dumb",83
"feared","feared",83
"fucked","fucked",83
"gathered","gathered",83
"generation","generation",83
"thinks","thinks",83
"pat","pat",83
"accursed","accursed",83
"addition","addition",83
"beasts","beasts",83
"carrying","carrying",83
"custom","custom",83
"departure","departure",83
"distant","distant",83
"kinds","kinds",83
"ordinary","ordinary",83
"seized","seized",83
"significant","significant",83
"witness","witness",83
"agent","agent",83
"cudi","cudi",83
"nearly","nearly",83
"square","square",83
"superman","superman",83
"basis","basis",83
"method","method",83
"oliver","oliver",83
"<e3><a0>","<e3><a0>",83
"des","des",83
"brave","brave",82
"jam","jam",82
"moonlight","moonlight",82
"roses","roses",82
"thirty","thirty",82
"highest","highest",82
"smack","smack",82
"enjoy","enjoy",82
"friendly","friendly",82
"ideas","ideas",82
"lyrics","lyrics",82
"watched","watched",82
"egypt","egypt",82
"older","older",82
"pour","pour",82
"resolution","resolution",82
"stock","stock",82
"remains","remains",82
"walks","walks",82
"eminem","eminem",81
"pump","pump",81
"yesterday","yesterday",81
"sending","sending",81
"moments","moments",81
"sunday","sunday",81
"wendy","wendy",81
"carr","carr",81
"daily","daily",81
"los","los",81
"minds","minds",81
"beatles","beatles",81
"angry","angry",81
"bearing","bearing",81
"belong","belong",81
"created","created",81
"estate","estate",81
"increase","increase",81
"laughter","laughter",81
"whoso","whoso",81
"amount","amount",81
"karma","karma",81
"tanker","tanker",81
"gmbh","gmbh",81
"heres","heres",80
"banks","banks",80
"dan","dan",80
"dude","dude",80
"fever","fever",80
"hood","hood",80
"pack","pack",80
"paint","paint",80
"strangers","strangers",80
"thomas","thomas",80
"bottom","bottom",80
"decided","decided",80
"teach","teach",80
"acts","acts",80
"advanced","advanced",80
"couplets","couplets",80
"joined","joined",80
"pot","pot",80
"region","region",80
"saith","saith",80
"summoned","summoned",80
"clearly","clearly",79
"darling","darling",79
"legend","legend",79
"repeat","repeat",79
"science","science",79
"student","student",79
"drank","drank",79
"circle","circle",79
"particularly","particularly",79
"solo","solo",79
"trade","trade",79
"understanding","understanding",79
"vibe","vibe",79
"climb","climb",79
"europe","europe",79
"fixed","fixed",79
"gifts","gifts",79
"latin","latin",79
"mankind","mankind",79
"penny","penny",79
"phrase","phrase",79
"produce","produce",79
"vessels","vessels",79
"willing","willing",79
"citations","citations",79
"revenue","revenue",79
"ich","ich",79
"reactor","reactor",79
"difference","difference",78
"pictures","pictures",78
"drama","drama",78
"dua","dua",78
"normal","normal",78
"alexander","alexander",78
"lifted","lifted",78
"refused","refused",78
"conscious","conscious",78
"create","create",78
"incident","incident",78
"reality","reality",78
"beast","beast",78
"deny","deny",78
"hermitage","hermitage",78
"interesting","interesting",78
"issues","issues",78
"minister","minister",78
"notes","notes",78
"prophet","prophet",78
"sheep","sheep",78
"soldier","soldier",78
"valley","valley",78
"doesn’t","doesn’t",78
"clause","clause",78
"extraordinary","extraordinary",78
"statement","statement",78
"political","political",78
"supply","supply",78
"waitin","waitin",78
"malice","malice",78
"enrichment","enrichment",78
"lavatory","lavatory",78
"eeu","eeu",78
"charles","charles",77
"greatly","greatly",77
"jason","jason",77
"mars","mars",77
"orange","orange",77
"rey","rey",77
"rick","rick",77
"letting","letting",77
"bang","bang",77
"anger","anger",77
"central","central",77
"plus","plus",77
"schools","schools",77
"thin","thin",77
"breathe","breathe",77
"abroad","abroad",77
"armed","armed",77
"brow","brow",77
"heels","heels",77
"seeking","seeking",77
"theory","theory",77
"thyself","thyself",77
"vain","vain",77
"bus","bus",77
"hed","hed",77
"der","der",77
"proximate","proximate",77
"ante","ante",77
"aggie","aggie",77
"fed","fed",76
"havent","havent",76
"crack","crack",76
"est","est",76
"lipa","lipa",76
"pale","pale",76
"rapper","rapper",76
"tear","tear",76
"shining","shining",76
"ahead","ahead",76
"driver","driver",76
"measure","measure",76
"begun","begun",76
"companions","companions",76
"emperor","emperor",76
"hosts","hosts",76
"sharp","sharp",76
"showing","showing",76
"spite","spite",76
"twain","twain",76
"worn","worn",76
"lace","lace",76
"difficulty","difficulty",76
"stratton","stratton",76
"author","author",75
"dick","dick",75
"ross","ross",75
"page","page",75
"shade","shade",75
"destroyed","destroyed",75
"screaming","screaming",75
"edge","edge",75
"happiness","happiness",75
"avenue","avenue",75
"bars","bars",75
"affection","affection",75
"caliph","caliph",75
"crossed","crossed",75
"cure","cure",75
"occupied","occupied",75
"fourteenth","fourteenth",75
"violations","violations",75
"dolla","dolla",74
"forgot","forgot",74
"hunger","hunger",74
"louis","louis",74
"​","​",74
"beating","beating",74
"begins","begins",74
"kissing","kissing",74
"model","model",74
"africanamerican","africanamerican",74
"mile","mile",74
"accepted","accepted",74
"accompanied","accompanied",74
"apply","apply",74
"commander","commander",74
"conditions","conditions",74
"excellent","excellent",74
"gentle","gentle",74
"lion","lion",74
"plays","plays",74
"shout","shout",74
"spear","spear",74
"makin","makin",74
"clerk","clerk",74
"diversity","diversity",74
"internal","internal",74
"omitted","omitted",74
"stairs","stairs",74
"institutions","institutions",74
"dans","dans",74
"bucket","bucket",74
"one’s","one’s",74
"pub","pub",74
"lydians","lydians",74
"missus","missus",74
"<e3><97>","<e3><97>",74
"ohohoh","ohohoh",73
"kisses","kisses",73
"martin","martin",73
"pains","pains",73
"wrld","wrld",73
"shooting","shooting",73
"beg","beg",73
"killer","killer",73
"completely","completely",73
"countries","countries",73
"fully","fully",73
"goddamn","goddamn",73
"destruction","destruction",73
"absolutely","absolutely",73
"addressed","addressed",73
"administration","administration",73
"awhile","awhile",73
"consequence","consequence",73
"disgrace","disgrace",73
"intent","intent",73
"jews","jews",73
"kindness","kindness",73
"neat","neat",73
"possession","possession",73
"precious","precious",73
"actual","actual",73
"lap","lap",73
"tiny","tiny",73
"breen","breen",73
"bishop","bishop",72
"brad","brad",72
"fade","fade",72
"keith","keith",72
"keys","keys",72
"neighbourhood","neighbourhood",72
"ticket","ticket",72
"tribe","tribe",72
"steal","steal",72
"amid","amid",72
"cost","cost",72
"exercise","exercise",72
"picked","picked",72
"role","role",72
"scared","scared",72
"standards","standards",72
"wed","wed",72
"roof","roof",72
"dame","dame",72
"expressed","expressed",72
"heavens","heavens",72
"mourning","mourning",72
"offering","offering",72
"perfectly","perfectly",72
"proof","proof",72
"range","range",72
"succeeded","succeeded",72
"wing","wing",72
"brian","brian",72
"vampires","vampires",72
"upstairs","upstairs",72
"<f1><85><f1><83>","<f1><85><f1><83>",72
"clay","clay",71
"electric","electric",71
"harder","harder",71
"harris","harris",71
"harry","harry",71
"jeremih","jeremih",71
"nicki","nicki",71
"talent","talent",71
"vince","vince",71
"favorite","favorite",71
"member","member",71
"cell","cell",71
"scream","scream",71
"reflection","reflection",71
"piano","piano",71
"stomach","stomach",71
"bitter","bitter",71
"coffee","coffee",71
"gain","gain",71
"gently","gently",71
"greece","greece",71
"priests","priests",71
"purposes","purposes",71
"quarters","quarters",71
"senses","senses",71
"served","served",71
"slew","slew",71
"tent","tent",71
"weep","weep",71
"recent","recent",71
"cont’d","cont’d",71
"capital","capital",70
"drugs","drugs",70
"fake","fake",70
"legal","legal",70
"sober","sober",70
"zone","zone",70
"gray","gray",70
"kinda","kinda",70
"compton","compton",70
"shown","shown",70
"concerned","concerned",70
"deed","deed",70
"division","division",70
"eastern","eastern",70
"engaged","engaged",70
"guide","guide",70
"handsome","handsome",70
"ibid","ibid",70
"marks","marks",70
"rear","rear",70
"tidings","tidings",70
"tomb","tomb",70
"tradition","tradition",70
"troubled","troubled",70
"additional","additional",70
"directly","directly",70
"include","include",70
"reasonable","reasonable",70
"response","response",70
"qui","qui",70
"interstate","interstate",70
"stencil","stencil",70
"￼￼￼￼￼￼￼￼￼v","￼￼￼￼￼￼￼￼￼v",70
"lotto","lotto",69
"mikey","mikey",69
"minaj","minaj",69
"poison","poison",69
"screen","screen",69
"secure","secure",69
"shakur","shakur",69
"translation","translation",69
"glance","glance",69
"bells","bells",69
"attorney","attorney",69
"confidence","confidence",69
"glasses","glasses",69
"odd","odd",69
"sentence","sentence",69
"servant","servant",69
"smiled","smiled",69
"shakes","shakes",69
"consequences","consequences",69
"forty","forty",69
"regarding","regarding",69
"rocks","rocks",69
"sail","sail",69
"satisfied","satisfied",69
"kevin","kevin",69
"brief","brief",69
"offers","offers",69
"mmm","mmm",69
"jhn","jhn",69
"corny","corny",69
"pappy","pappy",69
"vwil","vwil",69
"kelleher","kelleher",69
"boomin","boomin",68
"cousin","cousin",68
"creation","creation",68
"ign","ign",68
"joji","joji",68
"kyle","kyle",68
"lemonade","lemonade",68
"paying","paying",68
"revenge","revenge",68
"tommy","tommy",68
"anybody","anybody",68
"bigger","bigger",68
"arts","arts",68
"ashamed","ashamed",68
"charming","charming",68
"feed","feed",68
"liberty","liberty",68
"performance","performance",68
"situation","situation",68
"underground","underground",68
"warning","warning",68
"origin","origin",68
"befallen","befallen",68
"concluded","concluded",68
"determined","determined",68
"gay","gay",68
"hoping","hoping",68
"pen","pen",68
"proceeded","proceeded",68
"riding","riding",68
"saved","saved",68
"stout","stout",68
"unto","unto",68
"usually","usually",68
"efforts","efforts",68
"grass","grass",68
"offense","offense",68
"nicaragua","nicaragua",68
"bass","bass",68
"choppa","choppa",68
"arse","arse",68
"eugene","eugene",68
"swann","swann",68
"mood","mood",67
"cutting","cutting",67
"infinite","infinite",67
"injury","injury",67
"nas","nas",67
"redd","redd",67
"series","series",67
"shy","shy",67
"ward","ward",67
"writer","writer",67
"mighty","mighty",67
"benefit","benefit",67
"guards","guards",67
"talks","talks",67
"throne","throne",67
"abode","abode",67
"apparently","apparently",67
"cheek","cheek",67
"conclusion","conclusion",67
"delicate","delicate",67
"elsewhere","elsewhere",67
"israel","israel",67
"lance","lance",67
"pattern","pattern",67
"sufficient","sufficient",67
"thrust","thrust",67
"egg","egg",67
"confession","confession",67
"bleeding","bleeding",67
"feb","feb",67
"corpse","corpse",67
"balbec","balbec",67
"quarter","quarter",66
"musical","musical",66
"apartment","apartment",66
"doja","doja",66
"glow","glow",66
"hero","hero",66
"knock","knock",66
"missing","missing",66
"virgin","virgin",66
"flew","flew",66
"pretend","pretend",66
"wow","wow",66
"helped","helped",66
"moral","moral",66
"womens","womens",66
"bahram","bahram",66
"brand","brand",66
"candle","candle",66
"cloth","cloth",66
"desert","desert",66
"event","event",66
"lake","lake",66
"liar","liar",66
"nurse","nurse",66
"path","path",66
"punishment","punishment",66
"repeating","repeating",66
"woe","woe",66
"games","games",66
"extremely","extremely",66
"partly","partly",66
"prevent","prevent",66
"leopold","leopold",66
"reflektor","reflektor",66
"rhythm","rhythm",65
"extended","extended",65
"lately","lately",65
"mistakes","mistakes",65
"nervous","nervous",65
"rings","rings",65
"seconds","seconds",65
"sticks","sticks",65
"velvet","velvet",65
"ahha","ahha",65
"flat","flat",65
"palm","palm",65
"center","center",65
"opinions","opinions",65
"aware","aware",65
"commercial","commercial",65
"stable","stable",65
"advantage","advantage",65
"baggage","baggage",65
"base","base",65
"bits","bits",65
"cattle","cattle",65
"declared","declared",65
"draws","draws",65
"forest","forest",65
"fox","fox",65
"genius","genius",65
"handed","handed",65
"haste","haste",65
"hopes","hopes",65
"intelligence","intelligence",65
"leads","leads",65
"nevertheless","nevertheless",65
"pipe","pipe",65
"plate","plate",65
"praised","praised",65
"rushed","rushed",65
"wedding","wedding",65
"dem","dem",65
"online","online",65
"frequently","frequently",65
"importance","importance",65
"recently","recently",65
"specified","specified",65
"supervisors","supervisors",65
"articles","articles",65
"feminist","feminist",65
"sofa","sofa",65
"tissaphernes","tissaphernes",65
"atake","atake",64
"callin","callin",64
"desperate","desperate",64
"focus","focus",64
"jungle","jungle",64
"mitchell","mitchell",64
"thinkin","thinkin",64
"sings","sings",64
"horror","horror",64
"occurred","occurred",64
"flies","flies",64
"aloud","aloud",64
"analysis","analysis",64
"firm","firm",64
"fruit","fruit",64
"funeral","funeral",64
"literature","literature",64
"mens","mens",64
"plenty","plenty",64
"sooner","sooner",64
"syria","syria",64
"tail","tail",64
"wisdom","wisdom",64
"wives","wives",64
"<e2><a7>","<e2><a7>",64
"independent","independent",64
"medical","medical",64
"wasn’t","wasn’t",64
"pas","pas",64
"eheu","eheu",64
"astyages","astyages",64
"jean","jean",63
"busy","busy",63
"effects","effects",63
"emotion","emotion",63
"floating","floating",63
"outta","outta",63
"rob","rob",63
"ryan","ryan",63
"skies","skies",63
"tim","tim",63
"neon","neon",63
"narrow","narrow",63
"papers","papers",63
"quit","quit",63
"burst","burst",63
"pointing","pointing",63
"president","president",63
"rank","rank",63
"highway","highway",63
"aye","aye",63
"blows","blows",63
"breaks","breaks",63
"containing","containing",63
"extreme","extreme",63
"height","height",63
"locked","locked",63
"makan","makan",63
"numerous","numerous",63
"relation","relation",63
"swords","swords",63
"treasure","treasure",63
"trick","trick",63
"trousers","trousers",63
"wherein","wherein",63
"disease","disease",63
"constitution","constitution",63
"establishment","establishment",63
"federal","federal",63
"regarded","regarded",63
"cake","cake",63
"asia","asia",63
"ham","ham",63
"communion","communion",63
"float","float",63
"regulation","regulation",63
"calappd","calappd",63
"alphie","alphie",63
"clohessy","clohessy",63
"strike","strike",62
"contact","contact",62
"hop","hop",62
"mail","mail",62
"tory","tory",62
"wheres","wheres",62
"won’t","won’t",62
"library","library",62
"sang","sang",62
"adding","adding",62
"decide","decide",62
"glorious","glorious",62
"remembered","remembered",62
"jayz","jayz",62
"william","william",62
"abu","abu",62
"ages","ages",62
"causes","causes",62
"consent","consent",62
"discourse","discourse",62
"drawing","drawing",62
"flowing","flowing",62
"hollow","hollow",62
"maidens","maidens",62
"minded","minded",62
"mortal","mortal",62
"obvious","obvious",62
"philosophy","philosophy",62
"slept","slept",62
"spare","spare",62
"absolute","absolute",62
"accident","accident",62
"activity","activity",62
"credit","credit",62
"powfu","powfu",62
"surface","surface",62
"mysterious","mysterious",62
"pigs","pigs",62
"medes","medes",62
"leibowitz","leibowitz",62
"rough","rough",61
"brent","brent",61
"festival","festival",61
"inner","inner",61
"molly","molly",61
"relations","relations",61
"rue","rue",61
"ruin","ruin",61
"suck","suck",61
"sixteen","sixteen",61
"somehow","somehow",61
"hoes","hoes",61
"passes","passes",61
"talked","talked",61
"whoa","whoa",61
"gentlemen","gentlemen",61
"guns","guns",61
"painted","painted",61
"released","released",61
"worthy","worthy",61
"bath","bath",61
"exchange","exchange",61
"grievous","grievous",61
"increased","increased",61
"lands","lands",61
"tents","tents",61
"text","text",61
"coffin","coffin",61
"charm","charm",61
"losing","losing",61
"opens","opens",61
"probability","probability",61
"altar","altar",61
"steel","steel",60
"chancechance","chancechance",60
"blake","blake",60
"eden","eden",60
"pound","pound",60
"wasted","wasted",60
"whispers","whispers",60
"cest","cest",60
"garrison","garrison",60
"load","load",60
"anxious","anxious",60
"approached","approached",60
"bags","bags",60
"blew","blew",60
"everybodys","everybodys",60
"guilty","guilty",60
"joke","joke",60
"tip","tip",60
"vincent","vincent",60
"empire","empire",60
"sum","sum",60
"washed","washed",60
"ali","ali",60
"beard","beard",60
"centre","centre",60
"christians","christians",60
"crystal","crystal",60
"deeply","deeply",60
"doubtless","doubtless",60
"finds","finds",60
"goal","goal",60
"imagined","imagined",60
"marjanah","marjanah",60
"namely","namely",60
"pressed","pressed",60
"pursuit","pursuit",60
"salvation","salvation",60
"spears","spears",60
"strait","strait",60
"uses","uses",60
"recording","recording",60
"roddy","roddy",60
"technology","technology",60
"arrests","arrests",60
"concerns","concerns",60
"discriminatory","discriminatory",60
"email","email",60
"players","players",60
"visible","visible",60
"giant","giant",60
"pulls","pulls",60
"thorn”","thorn”",60
"“rigamortus”","“rigamortus”",60
"adversative","adversative",60
"caffrey","caffrey",60
"ionians","ionians",60
"softly","softly",59
"edit","edit",59
"flames","flames",59
"grant","grant",59
"joey","joey",59
"movie","movie",59
"pressure","pressure",59
"rhymes","rhymes",59
"staples","staples",59
"ugly","ugly",59
"universal","universal",59
"arent","arent",59
"beer","beer",59
"associated","associated",59
"card","card",59
"considerable","considerable",59
"fans","fans",59
"prisoner","prisoner",59
"shock","shock",59
"successful","successful",59
"treated","treated",59
"cheese","cheese",59
"abide","abide",59
"ashes","ashes",59
"attached","attached",59
"colours","colours",59
"commit","commit",59
"derived","derived",59
"discover","discover",59
"extent","extent",59
"fain","fain",59
"joseph","joseph",59
"labour","labour",59
"marching","marching",59
"possessed","possessed",59
"races","races",59
"ranks","ranks",59
"shook","shook",59
"sooth","sooth",59
"suspicion","suspicion",59
"metal","metal",59
"factory","factory",59
"familiar","familiar",59
"complaint","complaint",59
"license","license",59
"relief","relief",59
"france","france",59
"dozen","dozen",59
"brokers","brokers",59
"commonwealth","commonwealth",59
"whores","whores",59
"￼￼￼","￼￼￼",59
"￼￼￼￼￼￼￼","￼￼￼￼￼￼￼",59
"attitude","attitude",58
"jimmy","jimmy",58
"colors","colors",58
"county","county",58
"migos","migos",58
"powers","powers",58
"raw","raw",58
"struggle","struggle",58
"breakfast","breakfast",58
"connection","connection",58
"continues","continues",58
"doctors","doctors",58
"events","events",58
"rooms","rooms",58
"wrath","wrath",58
"inc","inc",58
"weird","weird",58
"barbarians","barbarians",58
"foes","foes",58
"larger","larger",58
"manners","manners",58
"marked","marked",58
"pointed","pointed",58
"simon","simon",58
"stress","stress",58
"weary","weary",58
"wrestling","wrestling",58
"ensure","ensure",58
"equipment","equipment",58
"implement","implement",58
